booking_id,booking_dt,booking_time,booking_dt_time,booking_timestamp
1,2022-08-29,23:59:59,2022-08-29 23:59:59,2022-08-29 23:59:59 +01:00
2,2022-09-29,23:59:59,2022-09-29 23:59:59,2022-09-29 23:59:59 +02:00
3,2022-10-29,23:59:59,2022-10-29 23:59:59,2022-10-29 23:59:59 +03:00 
4,2022-11-29,23:59:59,2022-11-29 23:59:59,2022-11-29 23:59:59 +04:00 
5,2022-12-29,23:59:59,2022-12-29 23:59:59,2022-12-29 23:59:59 +05:00
6,9999-12-29,23:59:59,9999-12-29 23:59:59,9999-12-29 23:59:59 +06:00
7,10000-12-29,23:59:59,10000-12-29 23:59:59,10000-12-29 23:59:59 +01:00
8,9999-12-29,23:59:59,10000-12-29 23:59:59,10000-12-29 23:59:59 +01:00
9,9999-12-29,23:59:59,9999-12-29 23:59:59,10000-12-29 23:59:59 +01:00
10,10000-12-29,23:59:59,9999-12-29 23:59:59,9999-12-29 23:59:59 +01:00
11,999-12-29,23:59:59,999-12-29 23:59:59,999-12-29 23:59:59 +01:00
